{"stats":{"minecraft:used":{"minecraft:wooden_pickaxe":13,"minecraft:stone_axe":2,"minecraft:crafting_table":1,"minecraft:acacia_sapling":1,"minecraft:acacia_planks":17},"minecraft:picked_up":{"minecraft:pink_petals":4,"minecraft:crafting_table":1,"minecraft:acacia_log":17,"minecraft:wheat_seeds":3,"minecraft:sugar_cane":7,"minecraft:acacia_sapling":1,"minecraft:cobblestone":13},"minecraft:custom":{"minecraft:time_since_rest":7143,"minecraft:sprint_one_cm":28765,"minecraft:damage_taken":390,"minecraft:walk_one_cm":16057,"minecraft:drop":3,"minecraft:damage_dealt":41,"minecraft:swim_one_cm":5289,"minecraft:interact_with_crafting_table":2,"minecraft:fly_one_cm":50355,"minecraft:crouch_one_cm":627,"minecraft:play_time":9253,"minecraft:deaths":1,"minecraft:sneak_time":354,"minecraft:walk_under_water_one_cm":438,"minecraft:jump":327,"minecraft:leave_game":1,"minecraft:walk_on_water_one_cm":1318,"minecraft:time_since_death":7114,"minecraft:total_world_time":9253,"minecraft:fall_one_cm":9092},"minecraft:dropped":{"minecraft:wheat_seeds":3,"minecraft:wooden_pickaxe":1,"minecraft:pink_petals":4},"minecraft:mined":{"minecraft:pink_petals":1,"minecraft:acacia_leaves":1,"minecraft:fire":1,"minecraft:crafting_table":1,"minecraft:short_grass":5,"minecraft:acacia_log":17,"minecraft:tall_grass":2,"minecraft:stone":13,"minecraft:sugar_cane":2},"minecraft:crafted":{"minecraft:crafting_table":1,"minecraft:stick":8,"minecraft:wooden_pickaxe":1,"minecraft:stone_pickaxe":1,"minecraft:acacia_planks":68,"minecraft:stone_axe":1}},"DataVersion":4082}