{"stats":{"minecraft:killed_by":{"minecraft:creeper":1,"minecraft:ravager":1,"minecraft:vindicator":1,"minecraft:skeleton":1},"minecraft:used":{"minecraft:shield":31,"minecraft:iron_sword":189,"minecraft:oak_door":2,"minecraft:rotten_flesh":1,"minecraft:stone_hoe":36,"minecraft:orange_bed":2,"minecraft:torch":174,"minecraft:dirt":11,"minecraft:acacia_sapling":1,"minecraft:tuff":5,"minecraft:iron_hoe":82,"minecraft:lava_bucket":10,"minecraft:iron_axe":148,"minecraft:iron_helmet":2,"minecraft:diamond_chestplate":1,"minecraft:bow":4,"minecraft:hay_block":1,"minecraft:ominous_bottle":1,"minecraft:furnace":6,"minecraft:cooked_beef":6,"minecraft:cobbled_deepslate":73,"minecraft:acacia_planks":2,"minecraft:iron_leggings":1,"minecraft:cooked_mutton":9,"minecraft:water_bucket":74,"minecraft:diamond_boots":1,"minecraft:oak_planks":2,"minecraft:stone_pickaxe":149,"minecraft:wooden_pickaxe":19,"minecraft:golden_apple":1,"minecraft:white_wool":1,"minecraft:sand":2,"minecraft:crafting_table":13,"minecraft:smoker":5,"minecraft:diamond_pickaxe":17,"minecraft:apple":1,"minecraft:bread":72,"minecraft:melon_slice":1,"minecraft:iron_pickaxe":308,"minecraft:gravel":7,"minecraft:stone_axe":96,"minecraft:pink_petals":2,"minecraft:cobblestone":51,"minecraft:cooked_porkchop":5,"minecraft:andesite":4,"minecraft:bucket":86,"minecraft:oak_boat":1,"minecraft:diamond_leggings":1,"minecraft:experience_bottle":1},"minecraft:dropped":{"minecraft:stone_hoe":1,"minecraft:bread":24,"minecraft:wheat_seeds":7,"minecraft:cooked_beef":3,"minecraft:oak_log":8,"minecraft:diamond":2,"minecraft:diamond_leggings":1,"minecraft:crossbow":1,"minecraft:cobblestone":4,"minecraft:lead":2,"minecraft:leather":7,"minecraft:melon_slice":4,"minecraft:cut_sandstone":3,"minecraft:iron_leggings":4,"minecraft:armadillo_scute":1,"minecraft:amethyst_shard":8,"minecraft:sand":1,"minecraft:white_banner":3,"minecraft:iron_axe":2,"minecraft:iron_pickaxe":1,"minecraft:cactus":7,"minecraft:white_wool":18,"minecraft:redstone":4,"minecraft:bone":10,"minecraft:oak_door":5,"minecraft:gravel":9,"minecraft:stone_axe":2,"minecraft:sugar_cane":2,"minecraft:cobbled_deepslate":4,"minecraft:tuff":7,"minecraft:wheat":3,"minecraft:rotten_flesh":105,"minecraft:oak_planks":3,"minecraft:iron_boots":2,"minecraft:iron_hoe":1,"minecraft:smoker":3,"minecraft:golden_shovel":1,"minecraft:leather_chestplate":1,"minecraft:gunpowder":1,"minecraft:iron_chestplate":1,"minecraft:spider_eye":1,"minecraft:bamboo":20,"minecraft:bow":1,"minecraft:stone_pickaxe":2,"minecraft:wooden_pickaxe":3},"minecraft:killed":{"minecraft:evoker":1,"minecraft:witch":1,"minecraft:vindicator":2,"minecraft:spider":5,"minecraft:skeleton":11,"minecraft:drowned":1,"minecraft:husk":3,"minecraft:pig":3,"minecraft:zombie_villager":1,"minecraft:iron_golem":1,"minecraft:ravager":2,"minecraft:sheep":10,"minecraft:pillager":26,"minecraft:zombie":15,"minecraft:cow":5},"minecraft:mined":{"minecraft:tuff":12,"minecraft:stone_pressure_plate":1,"minecraft:white_bed":1,"minecraft:deepslate_diamond_ore":78,"minecraft:oak_door":1,"minecraft:cherry_log":19,"minecraft:dark_oak_fence":2,"minecraft:acacia_log":32,"minecraft:grass_block":9,"minecraft:jungle_log":4,"minecraft:sandstone":1,"minecraft:spawner":1,"minecraft:hay_block":106,"minecraft:raw_iron_block":1,"minecraft:furnace":6,"minecraft:iron_ore":46,"minecraft:andesite":2,"minecraft:vine":1,"minecraft:deepslate_iron_ore":51,"minecraft:bamboo":9,"minecraft:stone":98,"minecraft:white_wool":1,"minecraft:orange_bed":3,"minecraft:cut_sandstone":4,"minecraft:acacia_leaves":15,"minecraft:smoker":5,"minecraft:amethyst_cluster":3,"minecraft:crafting_table":7,"minecraft:torch":3,"minecraft:short_grass":41,"minecraft:melon":1,"minecraft:dead_bush":2,"minecraft:tall_grass":6,"minecraft:cobblestone":2,"minecraft:deepslate_gold_ore":10,"minecraft:oak_planks":2,"minecraft:pink_petals":1,"minecraft:cactus":4,"minecraft:wheat":1,"minecraft:birch_leaves":1,"minecraft:tnt":9,"minecraft:oak_log":51,"minecraft:coal_ore":79,"minecraft:gravel":17,"minecraft:cherry_leaves":15,"minecraft:dirt":2,"minecraft:sand":4,"minecraft:cobweb":27,"minecraft:acacia_planks":2,"minecraft:oak_leaves":4,"minecraft:deepslate":92,"minecraft:fern":2},"minecraft:crafted":{"minecraft:cherry_planks":8,"minecraft:oak_door":6,"minecraft:oak_planks":64,"minecraft:raw_iron":9,"minecraft:furnace":5,"minecraft:cooked_mutton":9,"minecraft:diamond_leggings":2,"minecraft:iron_boots":1,"minecraft:iron_axe":2,"minecraft:iron_hoe":2,"minecraft:stone_pickaxe":2,"minecraft:diamond_boots":1,"minecraft:stone_hoe":1,"minecraft:smoker":3,"minecraft:wheat":450,"minecraft:cooked_beef":9,"minecraft:cooked_porkchop":6,"minecraft:crafting_table":7,"minecraft:wooden_pickaxe":2,"minecraft:iron_helmet":1,"minecraft:iron_sword":1,"minecraft:bucket":2,"minecraft:stone_axe":2,"minecraft:bread":152,"minecraft:air":0,"minecraft:oak_boat":1,"minecraft:diamond_pickaxe":1,"minecraft:charcoal":22,"minecraft:shield":3,"minecraft:stick":92,"minecraft:iron_ingot":49,"minecraft:iron_pickaxe":2,"minecraft:iron_leggings":2,"minecraft:acacia_planks":48,"minecraft:torch":164,"minecraft:diamond_chestplate":1},"minecraft:picked_up":{"minecraft:crafting_table":8,"minecraft:iron_chestplate":1,"minecraft:wheat":19,"minecraft:ominous_bottle":4,"minecraft:sentry_armor_trim_smithing_template":4,"minecraft:lead":2,"minecraft:wooden_pickaxe":1,"minecraft:golden_shovel":2,"minecraft:shield":3,"minecraft:string":209,"minecraft:iron_axe":5,"minecraft:flint_and_steel":4,"minecraft:iron_leggings":4,"minecraft:diamond_leggings":1,"minecraft:cobbled_deepslate":98,"minecraft:beef":9,"minecraft:iron_pickaxe":1,"minecraft:melon_slice":5,"minecraft:sugar_cane":2,"minecraft:iron_boots":4,"minecraft:furnace":12,"minecraft:stick":58,"minecraft:raw_iron":173,"minecraft:sandstone":1,"minecraft:oak_door":11,"minecraft:torch":142,"minecraft:acacia_log":29,"minecraft:porkchop":6,"minecraft:cherry_log":91,"minecraft:redstone":4,"minecraft:stone_pressure_plate":1,"minecraft:tnt":27,"minecraft:orange_bed":5,"minecraft:arrow":19,"minecraft:cactus":7,"minecraft:rotten_flesh":133,"minecraft:diamond_chestplate":3,"minecraft:diamond_boots":2,"minecraft:hay_block":133,"minecraft:armadillo_scute":1,"minecraft:totem_of_undying":2,"minecraft:saddle":3,"minecraft:gold_ingot":8,"minecraft:mutton":19,"minecraft:white_wool":38,"minecraft:cobblestone":126,"minecraft:pink_petals":2,"minecraft:leather_chestplate":1,"minecraft:cooked_beef":5,"minecraft:water_bucket":3,"minecraft:andesite":4,"minecraft:jungle_log":4,"minecraft:cut_sandstone":4,"minecraft:leather":17,"minecraft:smoker":11,"minecraft:tuff":12,"minecraft:oak_log":75,"minecraft:gunpowder":1,"minecraft:dirt":11,"minecraft:white_banner":5,"minecraft:bone":43,"minecraft:acacia_planks":1,"minecraft:bow":4,"minecraft:wheat_seeds":8,"minecraft:raw_gold":22,"minecraft:iron_ingot":35,"minecraft:stone_pickaxe":1,"minecraft:bamboo":212,"minecraft:stone_hoe":2,"minecraft:iron_sword":3,"minecraft:oak_planks":2,"minecraft:acacia_sapling":1,"minecraft:raw_iron_block":1,"minecraft:gravel":16,"minecraft:sand":3,"minecraft:amethyst_shard":24,"minecraft:white_bed":1,"minecraft:spider_eye":2,"minecraft:diamond":181,"minecraft:stone_axe":1,"minecraft:iron_helmet":3,"minecraft:crossbow":3,"minecraft:cherry_sapling":5,"minecraft:golden_apple":4,"minecraft:bread":164,"minecraft:emerald":3,"minecraft:coal":159,"minecraft:diamond_pickaxe":2},"minecraft:custom":{"minecraft:mob_kills":106,"minecraft:interact_with_crafting_table":42,"minecraft:bell_ring":10,"minecraft:leave_game":6,"minecraft:time_since_death":18171,"minecraft:climb_one_cm":339,"minecraft:sprint_one_cm":480578,"minecraft:walk_one_cm":485541,"minecraft:damage_blocked_by_shield":2322,"minecraft:drop":111,"minecraft:talked_to_villager":6,"minecraft:play_time":242488,"minecraft:sneak_time":5801,"minecraft:deaths":5,"minecraft:walk_under_water_one_cm":26331,"minecraft:boat_one_cm":104488,"minecraft:jump":4432,"minecraft:walk_on_water_one_cm":52115,"minecraft:total_world_time":242488,"minecraft:interact_with_furnace":41,"minecraft:interact_with_cartography_table":1,"minecraft:raid_trigger":1,"minecraft:sleep_in_bed":5,"minecraft:time_since_rest":18206,"minecraft:damage_taken":6074,"minecraft:damage_absorbed":40,"minecraft:damage_dealt":18327,"minecraft:swim_one_cm":63526,"minecraft:fly_one_cm":887657,"minecraft:open_chest":18,"minecraft:crouch_one_cm":15642,"minecraft:interact_with_smoker":29,"minecraft:fall_one_cm":124385,"minecraft:horse_one_cm":365654}},"DataVersion":4082}