{"stats":{"minecraft:used":{"minecraft:shield":20,"minecraft:iron_sword":99,"minecraft:stone_hoe":36,"minecraft:rotten_flesh":1,"minecraft:oak_door":2,"minecraft:orange_bed":1,"minecraft:torch":174,"minecraft:dirt":11,"minecraft:acacia_sapling":1,"minecraft:tuff":5,"minecraft:iron_hoe":40,"minecraft:lava_bucket":10,"minecraft:iron_axe":96,"minecraft:iron_helmet":1,"minecraft:diamond_chestplate":1,"minecraft:furnace":3,"minecraft:cooked_beef":6,"minecraft:cobbled_deepslate":73,"minecraft:acacia_planks":2,"minecraft:iron_leggings":1,"minecraft:cooked_mutton":9,"minecraft:water_bucket":57,"minecraft:stone_pickaxe":149,"minecraft:oak_planks":2,"minecraft:wooden_pickaxe":19,"minecraft:sand":1,"minecraft:crafting_table":11,"minecraft:smoker":5,"minecraft:diamond_pickaxe":7,"minecraft:apple":1,"minecraft:bread":43,"minecraft:melon_slice":1,"minecraft:iron_pickaxe":308,"minecraft:gravel":7,"minecraft:stone_axe":96,"minecraft:pink_petals":2,"minecraft:cobblestone":51,"minecraft:cooked_porkchop":5,"minecraft:andesite":4,"minecraft:bucket":69,"minecraft:oak_boat":1,"minecraft:experience_bottle":1},"minecraft:custom":{"minecraft:mob_kills":57,"minecraft:interact_with_crafting_table":36,"minecraft:leave_game":4,"minecraft:time_since_death":78099,"minecraft:climb_one_cm":153,"minecraft:sprint_one_cm":370508,"minecraft:walk_one_cm":372307,"minecraft:damage_blocked_by_shield":1407,"minecraft:drop":75,"minecraft:talked_to_villager":4,"minecraft:play_time":183522,"minecraft:sneak_time":5641,"minecraft:deaths":3,"minecraft:walk_under_water_one_cm":19668,"minecraft:boat_one_cm":104488,"minecraft:jump":3621,"minecraft:walk_on_water_one_cm":46733,"minecraft:total_world_time":183522,"minecraft:interact_with_furnace":38,"minecraft:interact_with_cartography_table":1,"minecraft:sleep_in_bed":2,"minecraft:time_since_rest":64313,"minecraft:damage_taken":4134,"minecraft:damage_dealt":9288,"minecraft:swim_one_cm":56652,"minecraft:fly_one_cm":704102,"minecraft:open_chest":7,"minecraft:crouch_one_cm":15109,"minecraft:interact_with_smoker":29,"minecraft:fall_one_cm":100325,"minecraft:horse_one_cm":537},"minecraft:picked_up":{"minecraft:crafting_table":8,"minecraft:iron_chestplate":1,"minecraft:lead":2,"minecraft:wooden_pickaxe":1,"minecraft:golden_shovel":2,"minecraft:shield":1,"minecraft:string":100,"minecraft:iron_axe":2,"minecraft:flint_and_steel":2,"minecraft:iron_leggings":2,"minecraft:cobbled_deepslate":98,"minecraft:beef":9,"minecraft:iron_pickaxe":1,"minecraft:melon_slice":5,"minecraft:sugar_cane":2,"minecraft:furnace":5,"minecraft:iron_boots":1,"minecraft:stick":22,"minecraft:raw_iron":138,"minecraft:oak_door":6,"minecraft:torch":142,"minecraft:acacia_log":29,"minecraft:porkchop":6,"minecraft:cherry_log":57,"minecraft:orange_bed":2,"minecraft:diamond_chestplate":1,"minecraft:arrow":17,"minecraft:rotten_flesh":18,"minecraft:hay_block":50,"minecraft:armadillo_scute":1,"minecraft:mutton":19,"minecraft:cobblestone":126,"minecraft:white_wool":19,"minecraft:pink_petals":2,"minecraft:leather_chestplate":1,"minecraft:cooked_beef":5,"minecraft:andesite":4,"minecraft:water_bucket":1,"minecraft:jungle_log":4,"minecraft:leather":17,"minecraft:smoker":9,"minecraft:tuff":12,"minecraft:oak_log":75,"minecraft:gunpowder":1,"minecraft:dirt":11,"minecraft:bone":19,"minecraft:acacia_planks":1,"minecraft:bow":1,"minecraft:wheat_seeds":7,"minecraft:raw_gold":10,"minecraft:stone_pickaxe":1,"minecraft:iron_ingot":7,"minecraft:bamboo":84,"minecraft:acacia_sapling":1,"minecraft:iron_sword":1,"minecraft:stone_hoe":2,"minecraft:oak_planks":2,"minecraft:raw_iron_block":1,"minecraft:gravel":16,"minecraft:sand":1,"minecraft:amethyst_shard":16,"minecraft:white_bed":1,"minecraft:spider_eye":2,"minecraft:diamond":97,"minecraft:stone_axe":1,"minecraft:iron_helmet":1,"minecraft:cherry_sapling":3,"minecraft:golden_apple":1,"minecraft:coal":103},"minecraft:killed":{"minecraft:spider":2,"minecraft:skeleton":9,"minecraft:pig":3,"minecraft:iron_golem":1,"minecraft:sheep":10,"minecraft:pillager":6,"minecraft:zombie":10,"minecraft:cow":5},"minecraft:dropped":{"minecraft:stone_hoe":1,"minecraft:bread":22,"minecraft:wheat_seeds":6,"minecraft:cooked_beef":3,"minecraft:diamond":2,"minecraft:cobblestone":4,"minecraft:leather":7,"minecraft:melon_slice":4,"minecraft:iron_leggings":2,"minecraft:armadillo_scute":1,"minecraft:iron_axe":1,"minecraft:iron_pickaxe":1,"minecraft:bone":9,"minecraft:gravel":9,"minecraft:stone_axe":2,"minecraft:sugar_cane":2,"minecraft:tuff":7,"minecraft:rotten_flesh":11,"minecraft:oak_planks":3,"minecraft:smoker":3,"minecraft:leather_chestplate":1,"minecraft:gunpowder":1,"minecraft:iron_chestplate":1,"minecraft:spider_eye":1,"minecraft:bamboo":20,"minecraft:wooden_pickaxe":3,"minecraft:stone_pickaxe":2},"minecraft:mined":{"minecraft:tuff":12,"minecraft:white_bed":1,"minecraft:deepslate_diamond_ore":78,"minecraft:oak_door":1,"minecraft:cherry_log":19,"minecraft:acacia_log":32,"minecraft:grass_block":9,"minecraft:jungle_log":4,"minecraft:spawner":1,"minecraft:hay_block":50,"minecraft:raw_iron_block":1,"minecraft:furnace":3,"minecraft:iron_ore":46,"minecraft:andesite":2,"minecraft:deepslate_iron_ore":51,"minecraft:vine":1,"minecraft:bamboo":9,"minecraft:stone":98,"minecraft:orange_bed":2,"minecraft:acacia_leaves":15,"minecraft:smoker":5,"minecraft:amethyst_cluster":3,"minecraft:crafting_table":7,"minecraft:torch":3,"minecraft:short_grass":41,"minecraft:melon":1,"minecraft:tall_grass":6,"minecraft:cobblestone":2,"minecraft:deepslate_gold_ore":10,"minecraft:oak_planks":2,"minecraft:pink_petals":1,"minecraft:birch_leaves":1,"minecraft:oak_log":51,"minecraft:coal_ore":79,"minecraft:cherry_leaves":15,"minecraft:gravel":17,"minecraft:sand":2,"minecraft:dirt":2,"minecraft:cobweb":27,"minecraft:acacia_planks":2,"minecraft:oak_leaves":4,"minecraft:deepslate":92,"minecraft:fern":2},"minecraft:crafted":{"minecraft:oak_door":6,"minecraft:oak_planks":64,"minecraft:furnace":5,"minecraft:cooked_mutton":9,"minecraft:iron_boots":1,"minecraft:iron_axe":2,"minecraft:iron_hoe":1,"minecraft:stone_pickaxe":2,"minecraft:stone_hoe":1,"minecraft:smoker":3,"minecraft:wheat":216,"minecraft:cooked_beef":9,"minecraft:cooked_porkchop":6,"minecraft:crafting_table":5,"minecraft:wooden_pickaxe":2,"minecraft:iron_helmet":1,"minecraft:iron_sword":1,"minecraft:bucket":2,"minecraft:stone_axe":2,"minecraft:bread":65,"minecraft:air":0,"minecraft:oak_boat":1,"minecraft:diamond_pickaxe":1,"minecraft:charcoal":22,"minecraft:shield":2,"minecraft:stick":92,"minecraft:iron_ingot":49,"minecraft:iron_pickaxe":2,"minecraft:iron_leggings":2,"minecraft:acacia_planks":48,"minecraft:torch":164,"minecraft:diamond_chestplate":1},"minecraft:killed_by":{"minecraft:creeper":1,"minecraft:skeleton":1}},"DataVersion":4082}