{"stats":{"minecraft:killed_by":{"minecraft:creeper":1,"minecraft:ravager":1,"minecraft:skeleton":1},"minecraft:used":{"minecraft:shield":30,"minecraft:iron_sword":130,"minecraft:rotten_flesh":1,"minecraft:stone_hoe":36,"minecraft:oak_door":2,"minecraft:orange_bed":2,"minecraft:torch":174,"minecraft:dirt":11,"minecraft:acacia_sapling":1,"minecraft:tuff":5,"minecraft:iron_hoe":40,"minecraft:lava_bucket":10,"minecraft:iron_axe":145,"minecraft:iron_helmet":2,"minecraft:diamond_chestplate":1,"minecraft:bow":4,"minecraft:ominous_bottle":1,"minecraft:furnace":6,"minecraft:cooked_beef":6,"minecraft:cobbled_deepslate":73,"minecraft:acacia_planks":2,"minecraft:iron_leggings":1,"minecraft:cooked_mutton":9,"minecraft:water_bucket":74,"minecraft:diamond_boots":1,"minecraft:oak_planks":2,"minecraft:stone_pickaxe":149,"minecraft:wooden_pickaxe":19,"minecraft:white_wool":1,"minecraft:sand":2,"minecraft:crafting_table":13,"minecraft:smoker":5,"minecraft:diamond_pickaxe":17,"minecraft:apple":1,"minecraft:bread":61,"minecraft:melon_slice":1,"minecraft:iron_pickaxe":308,"minecraft:gravel":7,"minecraft:stone_axe":96,"minecraft:pink_petals":2,"minecraft:cobblestone":51,"minecraft:cooked_porkchop":5,"minecraft:andesite":4,"minecraft:bucket":86,"minecraft:oak_boat":1,"minecraft:diamond_leggings":1,"minecraft:experience_bottle":1},"minecraft:dropped":{"minecraft:stone_hoe":1,"minecraft:bread":24,"minecraft:wheat_seeds":6,"minecraft:cooked_beef":3,"minecraft:oak_log":8,"minecraft:diamond":2,"minecraft:diamond_leggings":1,"minecraft:lead":2,"minecraft:cobblestone":4,"minecraft:leather":7,"minecraft:melon_slice":4,"minecraft:cut_sandstone":3,"minecraft:amethyst_shard":4,"minecraft:iron_leggings":4,"minecraft:armadillo_scute":1,"minecraft:sand":1,"minecraft:white_banner":2,"minecraft:iron_axe":2,"minecraft:iron_pickaxe":1,"minecraft:cactus":7,"minecraft:white_wool":9,"minecraft:redstone":4,"minecraft:bone":10,"minecraft:oak_door":5,"minecraft:gravel":9,"minecraft:stone_axe":2,"minecraft:sugar_cane":2,"minecraft:cobbled_deepslate":4,"minecraft:tuff":7,"minecraft:wheat":3,"minecraft:rotten_flesh":11,"minecraft:iron_boots":1,"minecraft:oak_planks":3,"minecraft:iron_hoe":1,"minecraft:smoker":3,"minecraft:golden_shovel":1,"minecraft:leather_chestplate":1,"minecraft:gunpowder":1,"minecraft:iron_chestplate":1,"minecraft:spider_eye":1,"minecraft:bamboo":20,"minecraft:bow":1,"minecraft:wooden_pickaxe":3,"minecraft:stone_pickaxe":2},"minecraft:killed":{"minecraft:spider":4,"minecraft:skeleton":9,"minecraft:husk":2,"minecraft:pig":3,"minecraft:iron_golem":1,"minecraft:ravager":1,"minecraft:sheep":10,"minecraft:pillager":24,"minecraft:zombie":12,"minecraft:cow":5},"minecraft:mined":{"minecraft:tuff":12,"minecraft:stone_pressure_plate":1,"minecraft:white_bed":1,"minecraft:deepslate_diamond_ore":78,"minecraft:oak_door":1,"minecraft:cherry_log":19,"minecraft:dark_oak_fence":2,"minecraft:acacia_log":32,"minecraft:grass_block":9,"minecraft:jungle_log":4,"minecraft:sandstone":1,"minecraft:spawner":1,"minecraft:hay_block":64,"minecraft:raw_iron_block":1,"minecraft:furnace":6,"minecraft:iron_ore":46,"minecraft:andesite":2,"minecraft:deepslate_iron_ore":51,"minecraft:vine":1,"minecraft:bamboo":9,"minecraft:stone":98,"minecraft:white_wool":1,"minecraft:orange_bed":3,"minecraft:cut_sandstone":4,"minecraft:acacia_leaves":15,"minecraft:smoker":5,"minecraft:amethyst_cluster":3,"minecraft:crafting_table":7,"minecraft:torch":3,"minecraft:short_grass":41,"minecraft:melon":1,"minecraft:dead_bush":1,"minecraft:tall_grass":6,"minecraft:cobblestone":2,"minecraft:deepslate_gold_ore":10,"minecraft:oak_planks":2,"minecraft:pink_petals":1,"minecraft:cactus":3,"minecraft:birch_leaves":1,"minecraft:tnt":9,"minecraft:oak_log":51,"minecraft:coal_ore":79,"minecraft:cherry_leaves":15,"minecraft:gravel":17,"minecraft:sand":4,"minecraft:dirt":2,"minecraft:cobweb":27,"minecraft:acacia_planks":2,"minecraft:oak_leaves":4,"minecraft:deepslate":92,"minecraft:fern":2},"minecraft:crafted":{"minecraft:cherry_planks":8,"minecraft:oak_door":6,"minecraft:oak_planks":64,"minecraft:raw_iron":9,"minecraft:furnace":5,"minecraft:cooked_mutton":9,"minecraft:diamond_leggings":2,"minecraft:iron_boots":1,"minecraft:iron_axe":2,"minecraft:iron_hoe":1,"minecraft:stone_pickaxe":2,"minecraft:diamond_boots":1,"minecraft:stone_hoe":1,"minecraft:smoker":3,"minecraft:wheat":450,"minecraft:cooked_beef":9,"minecraft:cooked_porkchop":6,"minecraft:crafting_table":7,"minecraft:wooden_pickaxe":2,"minecraft:iron_helmet":1,"minecraft:iron_sword":1,"minecraft:bucket":2,"minecraft:stone_axe":2,"minecraft:bread":152,"minecraft:air":0,"minecraft:oak_boat":1,"minecraft:diamond_pickaxe":1,"minecraft:charcoal":22,"minecraft:shield":3,"minecraft:stick":92,"minecraft:iron_ingot":49,"minecraft:iron_pickaxe":2,"minecraft:iron_leggings":2,"minecraft:acacia_planks":48,"minecraft:torch":164,"minecraft:diamond_chestplate":1},"minecraft:picked_up":{"minecraft:iron_chestplate":1,"minecraft:crafting_table":8,"minecraft:wheat":11,"minecraft:ominous_bottle":3,"minecraft:sentry_armor_trim_smithing_template":2,"minecraft:lead":2,"minecraft:wooden_pickaxe":1,"minecraft:golden_shovel":2,"minecraft:shield":2,"minecraft:string":154,"minecraft:iron_axe":4,"minecraft:flint_and_steel":3,"minecraft:iron_leggings":3,"minecraft:diamond_leggings":1,"minecraft:cobbled_deepslate":98,"minecraft:beef":9,"minecraft:iron_pickaxe":1,"minecraft:melon_slice":5,"minecraft:sugar_cane":2,"minecraft:furnace":10,"minecraft:iron_boots":3,"minecraft:stick":39,"minecraft:raw_iron":173,"minecraft:sandstone":1,"minecraft:oak_door":11,"minecraft:torch":142,"minecraft:acacia_log":29,"minecraft:porkchop":6,"minecraft:cherry_log":74,"minecraft:redstone":4,"minecraft:stone_pressure_plate":1,"minecraft:tnt":18,"minecraft:orange_bed":4,"minecraft:rotten_flesh":34,"minecraft:arrow":17,"minecraft:cactus":7,"minecraft:diamond_chestplate":2,"minecraft:diamond_boots":1,"minecraft:hay_block":78,"minecraft:armadillo_scute":1,"minecraft:saddle":1,"minecraft:gold_ingot":4,"minecraft:mutton":19,"minecraft:white_wool":29,"minecraft:cobblestone":126,"minecraft:pink_petals":2,"minecraft:leather_chestplate":1,"minecraft:cooked_beef":5,"minecraft:andesite":4,"minecraft:water_bucket":2,"minecraft:jungle_log":4,"minecraft:cut_sandstone":4,"minecraft:leather":17,"minecraft:smoker":10,"minecraft:tuff":12,"minecraft:oak_log":75,"minecraft:gunpowder":1,"minecraft:dirt":11,"minecraft:white_banner":4,"minecraft:bone":31,"minecraft:acacia_planks":1,"minecraft:bow":3,"minecraft:wheat_seeds":7,"minecraft:raw_gold":16,"minecraft:iron_ingot":21,"minecraft:stone_pickaxe":1,"minecraft:bamboo":148,"minecraft:acacia_sapling":1,"minecraft:stone_hoe":2,"minecraft:iron_sword":2,"minecraft:oak_planks":2,"minecraft:raw_iron_block":1,"minecraft:gravel":16,"minecraft:sand":3,"minecraft:amethyst_shard":20,"minecraft:white_bed":1,"minecraft:spider_eye":2,"minecraft:diamond":139,"minecraft:stone_axe":1,"minecraft:iron_helmet":2,"minecraft:crossbow":1,"minecraft:cherry_sapling":4,"minecraft:golden_apple":3,"minecraft:emerald":1,"minecraft:bread":87,"minecraft:coal":131,"minecraft:diamond_pickaxe":1},"minecraft:custom":{"minecraft:mob_kills":89,"minecraft:interact_with_crafting_table":40,"minecraft:bell_ring":10,"minecraft:leave_game":6,"minecraft:time_since_death":5132,"minecraft:climb_one_cm":178,"minecraft:sprint_one_cm":451460,"minecraft:walk_one_cm":454503,"minecraft:damage_blocked_by_shield":2262,"minecraft:drop":100,"minecraft:talked_to_villager":6,"minecraft:play_time":221401,"minecraft:sneak_time":5801,"minecraft:deaths":4,"minecraft:walk_under_water_one_cm":23525,"minecraft:boat_one_cm":104488,"minecraft:jump":4234,"minecraft:walk_on_water_one_cm":50073,"minecraft:total_world_time":221401,"minecraft:interact_with_furnace":41,"minecraft:interact_with_cartography_table":1,"minecraft:raid_trigger":1,"minecraft:sleep_in_bed":5,"minecraft:time_since_rest":5156,"minecraft:damage_taken":5143,"minecraft:damage_dealt":15047,"minecraft:swim_one_cm":61554,"minecraft:fly_one_cm":850043,"minecraft:open_chest":17,"minecraft:crouch_one_cm":15642,"minecraft:interact_with_smoker":29,"minecraft:fall_one_cm":118076,"minecraft:horse_one_cm":6199}},"DataVersion":4082}