{"stats":{"minecraft:custom":{"minecraft:mob_kills":49,"minecraft:interact_with_crafting_table":46,"minecraft:leave_game":2,"minecraft:time_since_death":142425,"minecraft:climb_one_cm":116,"minecraft:sprint_one_cm":116319,"minecraft:walk_one_cm":575472,"minecraft:damage_blocked_by_shield":4761,"minecraft:drop":42,"minecraft:talked_to_villager":3,"minecraft:play_time":142425,"minecraft:sneak_time":4428,"minecraft:walk_under_water_one_cm":23500,"minecraft:boat_one_cm":102625,"minecraft:jump":1733,"minecraft:walk_on_water_one_cm":26929,"minecraft:total_world_time":142425,"minecraft:interact_with_furnace":64,"minecraft:interact_with_cartography_table":1,"minecraft:sleep_in_bed":3,"minecraft:time_since_rest":4388,"minecraft:damage_taken":1763,"minecraft:damage_dealt":7632,"minecraft:fly_one_cm":77192,"minecraft:swim_one_cm":8134,"minecraft:open_chest":27,"minecraft:crouch_one_cm":9550,"minecraft:interact_with_smoker":8,"minecraft:fall_one_cm":20512},"minecraft:used":{"minecraft:stone_sword":8,"minecraft:chest":1,"minecraft:shield":114,"minecraft:iron_sword":98,"minecraft:cooked_chicken":2,"minecraft:rotten_flesh":20,"minecraft:oak_door":3,"minecraft:torch":104,"minecraft:dirt":2,"minecraft:iron_hoe":64,"minecraft:wooden_axe":15,"minecraft:iron_axe":45,"minecraft:iron_helmet":1,"minecraft:iron_boots":1,"minecraft:furnace":8,"minecraft:cooked_beef":3,"minecraft:cobbled_deepslate":59,"minecraft:cooked_mutton":8,"minecraft:acacia_boat":1,"minecraft:water_bucket":11,"minecraft:stone_pickaxe":466,"minecraft:wooden_pickaxe":15,"minecraft:crafting_table":10,"minecraft:white_bed":3,"minecraft:smoker":1,"minecraft:bread":7,"minecraft:iron_pickaxe":230,"minecraft:gravel":1,"minecraft:stone_axe":24,"minecraft:cobblestone":80,"minecraft:andesite":4,"minecraft:cooked_porkchop":1,"minecraft:bucket":12},"minecraft:picked_up":{"minecraft:crafting_table":8,"minecraft:chicken":2,"minecraft:amethyst_block":20,"minecraft:string":22,"minecraft:iron_axe":2,"minecraft:raw_copper":10,"minecraft:iron_leggings":2,"minecraft:cobbled_deepslate":110,"minecraft:calcite":10,"minecraft:sugar_cane":3,"minecraft:furnace":6,"minecraft:raw_iron":56,"minecraft:oak_door":3,"minecraft:torch":7,"minecraft:acacia_log":8,"minecraft:porkchop":3,"minecraft:diorite":13,"minecraft:orange_bed":1,"minecraft:stone_sword":2,"minecraft:arrow":8,"minecraft:rotten_flesh":27,"minecraft:hay_block":56,"minecraft:mutton":11,"minecraft:cobblestone":275,"minecraft:white_wool":7,"minecraft:cooked_beef":3,"minecraft:andesite":46,"minecraft:leather":1,"minecraft:smoker":2,"minecraft:flint":1,"minecraft:oak_log":19,"minecraft:gunpowder":2,"minecraft:lapis_lazuli":60,"minecraft:dirt":12,"minecraft:bone":7,"minecraft:acacia_planks":1,"minecraft:bow":1,"minecraft:wheat_seeds":1,"minecraft:raw_gold":10,"minecraft:iron_ingot":1,"minecraft:bamboo":24,"minecraft:smooth_basalt":5,"minecraft:gravel":20,"minecraft:amethyst_shard":8,"minecraft:white_bed":1,"minecraft:spider_eye":1,"minecraft:iron_hoe":1,"minecraft:diamond":14,"minecraft:stone_axe":3,"minecraft:granite":26,"minecraft:bread":22,"minecraft:coal":162},"minecraft:killed":{"minecraft:armadillo":1,"minecraft:cave_spider":1,"minecraft:spider":2,"minecraft:skeleton":8,"minecraft:chicken":2,"minecraft:pig":2,"minecraft:creeper":2,"minecraft:sheep":7,"minecraft:zombie":24},"minecraft:dropped":{"minecraft:wheat_seeds":1,"minecraft:cobblestone":61,"minecraft:leather":1,"minecraft:granite":26,"minecraft:coal":18,"minecraft:flint":1,"minecraft:diorite":13,"minecraft:wooden_axe":1,"minecraft:iron_leggings":1,"minecraft:iron_axe":2,"minecraft:white_wool":1,"minecraft:acacia_planks":1,"minecraft:smooth_basalt":3,"minecraft:bone":1,"minecraft:gravel":19,"minecraft:stone_axe":3,"minecraft:cobbled_deepslate":23,"minecraft:stone_sword":2,"minecraft:rotten_flesh":1,"minecraft:iron_hoe":1,"minecraft:shield":1,"minecraft:iron_chestplate":1,"minecraft:andesite":42,"minecraft:wooden_pickaxe":1,"minecraft:calcite":8},"minecraft:mined":{"minecraft:white_bed":1,"minecraft:deepslate_diamond_ore":12,"minecraft:oak_door":2,"minecraft:jungle_leaves":1,"minecraft:granite":26,"minecraft:acacia_log":5,"minecraft:spawner":1,"minecraft:hay_block":56,"minecraft:furnace":6,"minecraft:iron_ore":14,"minecraft:cobbled_deepslate":3,"minecraft:andesite":48,"minecraft:deepslate_lapis_ore":9,"minecraft:deepslate_iron_ore":43,"minecraft:bamboo":2,"minecraft:stone":254,"minecraft:orange_bed":1,"minecraft:smoker":1,"minecraft:medium_amethyst_bud":1,"minecraft:amethyst_cluster":2,"minecraft:crafting_table":8,"minecraft:torch":2,"minecraft:short_grass":17,"minecraft:calcite":10,"minecraft:tall_grass":3,"minecraft:copper_ore":3,"minecraft:cobblestone":27,"minecraft:lapis_ore":1,"minecraft:deepslate_gold_ore":10,"minecraft:sugar_cane":2,"minecraft:diorite":13,"minecraft:wall_torch":4,"minecraft:amethyst_block":20,"minecraft:wheat":2,"minecraft:oak_log":19,"minecraft:coal_ore":65,"minecraft:sand":1,"minecraft:gravel":13,"minecraft:dirt":16,"minecraft:cobweb":22,"minecraft:smooth_basalt":5,"minecraft:oak_leaves":3,"minecraft:deepslate":110,"minecraft:fern":3},"minecraft:crafted":{"minecraft:oak_door":3,"minecraft:oak_planks":76,"minecraft:cooked_chicken":2,"minecraft:furnace":2,"minecraft:cooked_mutton":8,"minecraft:bow":1,"minecraft:iron_boots":1,"minecraft:iron_axe":1,"minecraft:iron_hoe":1,"minecraft:stone_pickaxe":4,"minecraft:chest":1,"minecraft:wheat":27,"minecraft:cooked_porkchop":1,"minecraft:crafting_table":3,"minecraft:wooden_pickaxe":1,"minecraft:iron_helmet":1,"minecraft:iron_sword":1,"minecraft:bucket":1,"minecraft:stone_axe":1,"minecraft:bread":9,"minecraft:acacia_boat":1,"minecraft:air":0,"minecraft:iron_chestplate":1,"minecraft:diamond_pickaxe":1,"minecraft:shield":2,"minecraft:stick":56,"minecraft:iron_ingot":56,"minecraft:iron_pickaxe":2,"minecraft:wooden_axe":1,"minecraft:stone_sword":1,"minecraft:iron_leggings":1,"minecraft:white_bed":2,"minecraft:acacia_planks":20,"minecraft:torch":104,"minecraft:diamond_chestplate":1},"minecraft:broken":{"minecraft:stone_pickaxe":3,"minecraft:shield":1}},"DataVersion":4082}