{"stats":{"minecraft:custom":{"minecraft:mob_kills":60,"minecraft:interact_with_crafting_table":49,"minecraft:leave_game":5,"minecraft:time_since_death":18867,"minecraft:climb_one_cm":436,"minecraft:sprint_one_cm":232190,"minecraft:walk_one_cm":737005,"minecraft:damage_blocked_by_shield":6171,"minecraft:drop":60,"minecraft:talked_to_villager":4,"minecraft:play_time":213896,"minecraft:sneak_time":8134,"minecraft:deaths":2,"minecraft:walk_under_water_one_cm":85802,"minecraft:boat_one_cm":106078,"minecraft:jump":2883,"minecraft:walk_on_water_one_cm":59706,"minecraft:total_world_time":213896,"minecraft:interact_with_furnace":64,"minecraft:interact_with_cartography_table":1,"minecraft:sleep_in_bed":3,"minecraft:time_since_rest":19534,"minecraft:damage_taken":3190,"minecraft:damage_dealt":9484,"minecraft:swim_one_cm":37191,"minecraft:fly_one_cm":616999,"minecraft:open_chest":29,"minecraft:crouch_one_cm":14846,"minecraft:interact_with_smoker":8,"minecraft:fall_one_cm":53043},"minecraft:used":{"minecraft:stone_sword":8,"minecraft:chest":1,"minecraft:shield":142,"minecraft:iron_sword":123,"minecraft:cooked_chicken":2,"minecraft:rotten_flesh":20,"minecraft:oak_door":9,"minecraft:torch":112,"minecraft:dirt":3,"minecraft:mutton":1,"minecraft:iron_hoe":64,"minecraft:wooden_axe":15,"minecraft:lava_bucket":1,"minecraft:iron_axe":58,"minecraft:iron_helmet":1,"minecraft:iron_boots":1,"minecraft:goat_horn":1,"minecraft:furnace":8,"minecraft:cooked_beef":3,"minecraft:cobbled_deepslate":59,"minecraft:iron_leggings":1,"minecraft:cooked_mutton":8,"minecraft:acacia_boat":1,"minecraft:water_bucket":45,"minecraft:stone_pickaxe":466,"minecraft:wooden_pickaxe":15,"minecraft:crafting_table":11,"minecraft:white_bed":3,"minecraft:smoker":1,"minecraft:string":1,"minecraft:bread":29,"minecraft:iron_pickaxe":292,"minecraft:gravel":1,"minecraft:stone_axe":24,"minecraft:cobblestone":146,"minecraft:andesite":4,"minecraft:cooked_porkchop":1,"minecraft:bucket":47},"minecraft:picked_up":{"minecraft:crafting_table":9,"minecraft:chicken":2,"minecraft:enchanted_book":3,"minecraft:amethyst_block":20,"minecraft:string":25,"minecraft:raw_copper":10,"minecraft:iron_axe":4,"minecraft:iron_leggings":4,"minecraft:cobbled_deepslate":125,"minecraft:calcite":10,"minecraft:iron_pickaxe":2,"minecraft:melon_slice":14,"minecraft:sugar_cane":6,"minecraft:furnace":6,"minecraft:egg":1,"minecraft:iron_boots":1,"minecraft:raw_iron":69,"minecraft:oak_door":11,"minecraft:torch":15,"minecraft:acacia_log":11,"minecraft:porkchop":5,"minecraft:diorite":13,"minecraft:orange_bed":2,"minecraft:stone_sword":2,"minecraft:arrow":10,"minecraft:rotten_flesh":27,"minecraft:diamond_chestplate":1,"minecraft:hay_block":109,"minecraft:mutton":12,"minecraft:white_wool":7,"minecraft:cobblestone":356,"minecraft:cooked_beef":3,"minecraft:water_bucket":1,"minecraft:andesite":46,"minecraft:leather":1,"minecraft:smoker":3,"minecraft:flint":1,"minecraft:tuff":2,"minecraft:oak_log":19,"minecraft:gunpowder":2,"minecraft:lapis_lazuli":120,"minecraft:dirt":14,"minecraft:bone":11,"minecraft:acacia_planks":1,"minecraft:bow":2,"minecraft:wheat_seeds":2,"minecraft:raw_gold":20,"minecraft:iron_ingot":38,"minecraft:bamboo":48,"minecraft:iron_sword":2,"minecraft:oak_planks":13,"minecraft:smooth_basalt":5,"minecraft:gravel":20,"minecraft:sand":3,"minecraft:amethyst_shard":16,"minecraft:white_bed":1,"minecraft:spider_eye":3,"minecraft:iron_hoe":2,"minecraft:diamond":36,"minecraft:stone_axe":4,"minecraft:iron_helmet":1,"minecraft:granite":26,"minecraft:bread":49,"minecraft:coal":173,"minecraft:diamond_pickaxe":1},"minecraft:killed":{"minecraft:armadillo":1,"minecraft:cave_spider":1,"minecraft:spider":4,"minecraft:skeleton":10,"minecraft:chicken":3,"minecraft:pig":2,"minecraft:wandering_trader":1,"minecraft:frog":1,"minecraft:creeper":3,"minecraft:sheep":7,"minecraft:trader_llama":1,"minecraft:pillager":1,"minecraft:zombie":24},"minecraft:dropped":{"minecraft:iron_sword":1,"minecraft:wheat_seeds":2,"minecraft:cobblestone":61,"minecraft:leather":1,"minecraft:granite":26,"minecraft:coal":18,"minecraft:flint":1,"minecraft:dirt":1,"minecraft:diorite":13,"minecraft:wooden_axe":1,"minecraft:iron_leggings":1,"minecraft:sand":2,"minecraft:iron_axe":3,"minecraft:string":1,"minecraft:white_wool":1,"minecraft:acacia_planks":1,"minecraft:smooth_basalt":3,"minecraft:bone":1,"minecraft:gravel":19,"minecraft:stone_axe":4,"minecraft:cobbled_deepslate":31,"minecraft:stone_sword":2,"minecraft:tuff":1,"minecraft:rotten_flesh":1,"minecraft:iron_hoe":1,"minecraft:shield":1,"minecraft:iron_chestplate":1,"minecraft:andesite":42,"minecraft:wooden_pickaxe":1,"minecraft:calcite":8,"minecraft:egg":1},"minecraft:mined":{"minecraft:tuff":1,"minecraft:white_bed":1,"minecraft:deepslate_diamond_ore":32,"minecraft:oak_door":7,"minecraft:jungle_leaves":1,"minecraft:mangrove_roots":1,"minecraft:granite":26,"minecraft:acacia_log":5,"minecraft:grass_block":1,"minecraft:mangrove_propagule":1,"minecraft:spawner":1,"minecraft:hay_block":56,"minecraft:furnace":6,"minecraft:iron_ore":23,"minecraft:cobbled_deepslate":3,"minecraft:andesite":48,"minecraft:deepslate_lapis_ore":9,"minecraft:pointed_dripstone":1,"minecraft:deepslate_iron_ore":48,"minecraft:bamboo":2,"minecraft:stone":254,"minecraft:orange_bed":1,"minecraft:smoker":1,"minecraft:medium_amethyst_bud":1,"minecraft:amethyst_cluster":2,"minecraft:crafting_table":8,"minecraft:torch":2,"minecraft:short_grass":19,"minecraft:calcite":10,"minecraft:melon":2,"minecraft:tall_grass":3,"minecraft:copper_ore":3,"minecraft:cobblestone":39,"minecraft:lapis_ore":1,"minecraft:deepslate_gold_ore":10,"minecraft:sugar_cane":2,"minecraft:diorite":13,"minecraft:wall_torch":4,"minecraft:amethyst_block":20,"minecraft:wheat":2,"minecraft:oak_log":19,"minecraft:coal_ore":66,"minecraft:gravel":13,"minecraft:sand":1,"minecraft:dirt":16,"minecraft:cobweb":22,"minecraft:smooth_basalt":5,"minecraft:oak_leaves":3,"minecraft:deepslate":123,"minecraft:fern":3},"minecraft:crafted":{"minecraft:oak_door":3,"minecraft:oak_planks":76,"minecraft:cooked_chicken":2,"minecraft:furnace":2,"minecraft:cooked_mutton":8,"minecraft:bow":1,"minecraft:iron_boots":1,"minecraft:iron_axe":1,"minecraft:iron_hoe":1,"minecraft:stone_pickaxe":4,"minecraft:chest":1,"minecraft:wheat":27,"minecraft:cooked_porkchop":1,"minecraft:crafting_table":3,"minecraft:wooden_pickaxe":1,"minecraft:iron_helmet":1,"minecraft:iron_sword":1,"minecraft:bucket":1,"minecraft:stone_axe":1,"minecraft:bread":9,"minecraft:acacia_boat":1,"minecraft:air":0,"minecraft:iron_chestplate":1,"minecraft:diamond_pickaxe":1,"minecraft:shield":3,"minecraft:stick":57,"minecraft:iron_ingot":56,"minecraft:iron_pickaxe":2,"minecraft:wooden_axe":1,"minecraft:stone_sword":1,"minecraft:iron_leggings":1,"minecraft:white_bed":2,"minecraft:acacia_planks":20,"minecraft:torch":108,"minecraft:diamond_chestplate":1},"minecraft:killed_by":{"minecraft:enderman":1},"minecraft:broken":{"minecraft:stone_pickaxe":3,"minecraft:shield":1,"minecraft:iron_pickaxe":1}},"DataVersion":4082}